cluster,clientes,tempo_rel_med,receita_med,nps_med,tickets_med
0,684,2311.6477528429823,1796138483.3377192,6.9225146198830405,652.9897660818714
1,5498,1441.4802515187523,213654365.25118226,0.0645689341578756,26.97908330301928
2,7,1675.5077738428572,31764051459.42857,2.0,361.0
3,4426,3167.5569174969273,525496093.70063263,7.893131495707185,85.59896068685043
